Leçon,Mot / Expression (Français),Traduction / Signification (Persan),Exemple / Contexte
Leçon 1: Faire des achats,un produit d'occasion,کالای دست دوم,J'achète un lave-linge d'occasion.
Leçon 1: Faire des achats,la notice d'utilisation,راهنمای استفاده,La notice d'utilisation n'est pas claire.
Leçon 1: Faire des achats,le service après-vente (SAV),خدمات پس از فروش,Je vais contacter le service après-vente.
Leçon 1: Faire des achats,faire une offre / négocier le prix,پیشنهاد قیمت دادن / چانه زدن,On peut négocier le prix sur ce site.
Leçon 1: Faire des achats,demander un remboursement,درخواست استرداد وجه,Je veux retourner l'article et demander un remboursement.
Leçon 1: Faire des achats,être sous garantie,دارای گارانتی بودن,Ce téléphone est encore sous garantie.
Leçon 1: Faire des achats,en très bon état,در وضعیت بسیار خوب / در حد نو,L'appareil est d'occasion mais en très bon état.
Leçon 1: Faire des achats,le ticket de caisse,فاکتور / رسید خرید,Gardez le ticket de caisse pour l'échange.
Leçon 1: Faire des achats,la livraison à domicile,تحویل در منزل,Vous proposez un service de livraison à domicile ?
Leçon 1: Faire des achats,les soldes / des réductions,حراج / تخفیف‌ها,"Pendant les soldes, il y a beaucoup de réductions."
Leçon 2: Se déplacer,faire du covoiturage,استفاده از خودروی اشتراکی (هم‌مسیر شدن),Je fais du covoiturage pour aller au travail.
Leçon 2: Se déplacer,louer une voiture / une agence de location,اجاره کردن ماشین / آژانس کرایه خودرو,On va louer une voiture pour le week-end.
Leçon 2: Se déplacer,le permis de conduire,گواهی‌نامه رانندگی,Vous devez présenter votre permis de conduire.
Leçon 2: Se déplacer,faire le plein d'essence,بنزین کامل زدن (پُر کردن باک),Je dois m'arrêter à la station-service pour faire le plein.
Leçon 2: Se déplacer,un embouteillage / le trafic interrompu,راهبندان / ترافیک قطع شده,Il y a un gros embouteillage sur l'autoroute.
Leçon 2: Se déplacer,un parc relais / stationner,پارکینگ عمومی متصل به حمل‌ونقل شهری / پارک کردن,Laissez la voiture au parc relais et prenez le tram.
Leçon 2: Se déplacer,un titre de transport valable,بلیت معتبر حمل‌ونقل,N'oubliez pas d'avoir un titre de transport valable.
Leçon 2: Se déplacer,une correspondance,تعویض خط (اتوبوس/مترو),Il y a une correspondance à la station Châtelet.
Leçon 2: Se déplacer,le rétro / le clignotant,آینه وسط / راهنما,Regardez dans le rétroviseur et mettez le clignotant.
Leçon 2: Se déplacer,un bus de remplacement / une navette,اتوبوس جایگزین / شاتل,"En cas de travaux, il y a un bus de remplacement."
Leçon 3: Chercher un logement et déménager,une annonce immobilière,آگهی املاک,J'ai trouvé une bonne annonce immobilière.
Leçon 3: Chercher un logement et déménager,signer le bail,امضا کردن اجاره‌نامه,Nous allons signer le bail demain chez l'agence.
Leçon 3: Chercher un logement et déménager,le loyer / charges comprises (CC),اجاره‌بها / همراه با شارژ و هزینه‌ها,Le loyer est de 800 euros charges comprises.
Leçon 3: Chercher un logement et déménager,l'état des lieux,صورت‌جلسه تحویل و وضعیت ملک,On fait l'état des lieux avant de prendre les clés.
Leçon 3: Chercher un logement et déménager,un studio / un T2 (2 pièces),آپارتمان یک‌تکه (سوئیت) / آپارتمان یک‌خوابه,Elle cherche un T2 proche des commerces.
Leçon 3: Chercher un logement et déménager,emménager / déménager,اسباب‌کشی به خانه جدید / نقل مکان کردن,Les nouveaux locataires vont emménager demain.
Leçon 3: Chercher un logement et déménager,un logement meublé / rénové,مسکن مبله / بازسازی‌شده,L'appartement est entièrement meublé et rénové.
Leçon 3: Chercher un logement et déménager,transférer l'abonnement,انتقال اشتراک (آب/برق/اینترنت),Pensez à transférer votre abonnement Internet.
Leçon 3: Chercher un logement et déménager,les cartons / le camion de déménagement,کارتون‌ها / کامیون اسباب‌کشی,On a besoin d'aide pour porter les cartons dans le camion.
Leçon 3: Chercher un logement et déménager,résilier un contrat,فسخ کردن قرارداد,Je dois résilier mon ancien contrat d'électricité.
Leçon 4: Faire des démarches administratives,un titre de séjour / une carte de séjour,مجوز اقامت / کارت اقامت,Je voudrais renouveler mon titre de séjour.
Leçon 4: Faire des démarches administratives,la préfecture / la mairie,استانداری (پرفکتور) / شهرداری,Il faut déposer le dossier à la préfecture.
Leçon 4: Faire des démarches administratives,un justificatif de domicile,مدرک اثبات محل سکونت (گواهی آدرس),Apportez une facture récente comme justificatif de domicile.
Leçon 4: Faire des démarches administratives,ouvrir un compte courant,افتتاح حساب جاری بانک,Je voudrais ouvrir un compte courant dans votre banque.
Leçon 4: Faire des démarches administratives,économiser / épargner de l'argent,پس‌انداز کردن پول,J'ouvre un livret A pour épargner de l'argent.
Leçon 4: Faire des démarches administratives,un forfait mobile (avec/sans engagement),طرح/اشتراک موبایل (با/بدون تعهد زمانی),J'ai choisi un forfait mobile sans engagement.
Leçon 4: Faire des démarches administratives,un accusé de réception,رسید دریافت (پست سفارشی),Envoyez la lettre avec un accusé de réception.
Leçon 4: Faire des démarches administratives,un timbre fiscal,تمبر مالیاتی (دولتی),"Pour le passeport, il faut acheter un timbre fiscal."
Leçon 4: Faire des démarches administratives,retirer de l'argent,برداشت پول از حساب/عابربرانک,Je dois retirer de l'argent au distributeur.
Leçon 4: Faire des démarches administratives,une pièce d'identité,مدرک شناسایی (کارت ملی/پاسپورت),Veuillez présenter une pièce d'identité valide.
Leçon 5: S'informer sur l'actualité,la presse quotidienne / régionale,مطبوعات روزانه / منطقه‌ای,Il lit la presse quotidienne tous les matins.
Leçon 5: S'informer sur l'actualité,le journal télévisé (JT),اخبار تلویزیونی,Je regarde le journal télévisé de 20 heures.
Leçon 5: S'informer sur l'actualité,un fait divers,حوادث / خبر کوتاهی از رویدادهای شهری,Il a lu un fait divers sur un accident dans le journal.
Leçon 5: S'informer sur l'actualité,être abonné à / l'abonnement,مشترکِ (رسانه) بودن / اشتراک,Je suis abonné à un journal en ligne.
Leçon 5: S me informer sur l'actualité,une émission en replay,برنامه بازپخش (آرشیو),J'ai regardé l'émission en replay hier soir.
Leçon 5: S'informer sur l'actualité,une (fausse) information / une intox,خبر (نادرست) / شایعه,Attention aux fausses informations sur Internet.
Leçon 5: S'informer sur l'actualité,la newsletter / la chaîne,خبرنامه / شبکه (تلویزیونی),Je reçois la newsletter de ce site d'actualité.
Leçon 5: S'informer sur l'actualité,commenter un article,کامنت گذاشتن روی یک مقاله,Les lecteurs peuvent commenter cet article en ligne.
Leçon 5: S'informer sur l'actualité,le présentateur / l'auditeur,مجری اخبار / شنونده رادیو,Le présentateur annonce les titres principaux.
Leçon 5: S'informer sur l'actualité,suivre l'actualité,پیگیری اخبار روز,Il utilise son smartphone pour suivre l'actualité.
Leçon 6: Inviter et être invité(e),lancer une invitation / inviter,دعوت کردن,Ça te dit de venir pique-niquer ce week-end ?
Leçon 6: Inviter et être invité(e),répondre à une invitation,پاسخ دادن به دعوت,"Je vous remercie pour l'invitation, avec plaisir !"
Leçon 6: Inviter et être invité(e),s'excuser / refuser gentiment,عذرخواهی کردن / رد کردن محترمانه دعوت,"Je suis désolé, j'ai déjà quelque chose de prévu."
Leçon 6: Inviter et être invité(e),apporter un cadeau / des fleurs,هدیه / گل آوردن برای میزبان,C'est d'usage d'apporter un petit cadeau ou des fleurs.
Leçon 6: Inviter et être invité(e),pendre la créماillère,جشن خانه نو (جشن اسباب‌کشی),Nous vous invitons samedi pour pendre la crémaillère.
Leçon 6: Inviter et être invité(e),être libre / disponible,وقت داشتن / آزاد بودن,Tu es libre vendredi soir pour aller au restaurant ?
Leçon 6: Inviter et être invité(e),recevoir des invités / accueillir,پذیرایی از مهمانان / استقبال کردن,Nous allons recevoir nos amis pour le dîner.
Leçon 6: Inviter et être invité(e),donner des précisions (heure/adresse),مشخص کردن جزئیات (ساعت و آدرس),Je te donne l'adresse et l'heure exacte par SMS.
Leçon 6: Inviter et être invité(e),assister à une fête,شرکت کردن در یک جشن,J'aimerais assister à la fête d'anniversaire.
Leçon 6: Inviter et être invité(e),offrir un verre / un apéritif,میهمان کردن به یک نوشیدنی / آپریتیف,On se retrouve au café pour prendre un verre ?
Leçon 7: Faire de nouvelles rencontres,s'inscrire sur un réseau social,عضویت در یک شبکه اجتماعی,Elle s'est inscrite sur un site de rencontres amicales.
Leçon 7: Faire de nouvelles rencontres,faire la connaissance de quelqu'un,با کسی آشنا شدن,J'ai fait la connaissance de personnes très sympas.
Leçon 7: Faire de nouvelles rencontres,un pseudo et un mot de passe,نام کاربری و رمز عبور,Entrez votre pseudo et votre mot de passe pour vous connecter.
Leçon 7: Faire de nouvelles rencontres,partager des centres d'intérêt,داشتن علایق و سرگرمی‌های مشترک,C'est agréable de partager des centres d'intérêt avec des amis.
Leçon 7: Faire de nouvelles rencontres,participer à une sortie / un événement,شرکت در یک برنامه بیرون رفتن / رویداد,Je vais participer à une randonnée organisée ce samedi.
Leçon 7: Faire de nouvelles rencontres,parler de soi et s'informer sur les autres,از خود گفتن و درباره دیگران پرسیدن,"Dans cette soirée, on peut parler de soi et échanger."
Leçon 7: Faire de nouvelles rencontres,un espace perso / un profil,صفحه شخصی / پروفایل,Vous pouvez ajouter une photo sur votre profil.
Leçon 7: Faire de nouvelles rencontres,un cours de danse / une randonnée,کلاس رقص / پیاده‌روی در طبیعت,On s'est rencontrés pendant un cours de danse salsa.
Leçon 7: Faire de nouvelles rencontres,garder le contact / échanger des messages,در تماس ماندن / پیام مبادله کردن,On a échangé nos numéros pour garder le contact.
Leçon 7: Faire de nouvelles rencontres,un forum de discussion,انجمن گفتگو / فروم,J'ai posté un message sur le forum de la ville.
Leçon 8: Organiser un événement,organiser un programme / une fête,برنامه‌ریزی یک رویداد / جشن,Nous allons organiser une grande fête d'anniversaire.
Leçon 8: Organiser un événement,réserver une salle / un traiteur,رزرو کردن سالن / کترینگ و غذا,On a réservé un traiteur pour le buffet du mariage.
Leçon 8: Organiser un événement,ouvrir une cagnotte en ligne,ایجاد صندوق جمع‌آوری پول آنلاین (برای هدیه),Ils ont ouvert une cagnotte pour le cadeau de départ.
Leçon 8: Organiser un événement,les noces d'argent / noces d'or,بیست و پنجمین / پنجاهمین سالگرد ازدواج,Mes grands-parents fêtent leurs noces d'or.
Leçon 8: Organiser un événement,un enterrement de vie de jeune fille/garçon,جشن مجردی دخترانه / پسرانه,On prépare l'enterrement de vie de jeune fille de ma sœur.
Leçon 8: Organiser un événement,envoyer des invitations / faire le plan de table,فرستادن دعوت‌نامه‌ها / تنظیم چیدمان صندلی‌ها,Il faut envoyer les invitations deux mois avant.
Leçon 8: Organiser un événement,décorer la salle / un DJ,تزیین کردن سالن / دی‌جی موسیقی,Nous avons engagé un DJ pour faire danser les invités.
Leçon 8: Organiser un événement,un buffet / un vin d'honneur,بوفه پذیرایی / مراسم نوشیدنی و خوشامدگویی,"Après la cérémonie, il y aura un buffet dans le jardin."
Leçon 8: Organiser un événement,souhaiter beaucoup de bonheur,آرزوی خوشبختی فراوان کردن,"Félicitations, je vous souhaite beaucoup de bonheur !"
Leçon 8: Organiser un événement,confirmer sa présence,تأیید حضور در مراسم,Merci de confirmer votre présence avant le 15 mai.
Leçon 9: Participer à la vie scolaire,le cahier de liaison,دفترچه ارتباط خانه و مدرسه,Les parents doivent signer le cahier de liaison.
Leçon 9: Participer à la vie scolaire,la kermesse / la tombola de l'école,جشن پایان سال مدرسه / قرعه‌کشی خیریه مدرسه,Les enfants préparent un spectacle pour la kermesse.
Leçon 9: Participer à la vie scolaire,la cantine / la cour de récréation,سلف و ناهارخوری مدرسه / حیاط زنگ تفریح,Mon fils mange à la cantine tous les midis.
Leçon 9: Participer à la vie scolaire,la rencontre parents-profs,جلسه اولیا و مربیان,Je vais assister à la rencontre parents-professeurs ce soir.
Leçon 9: Participer à la vie scolaire,le conseil de classe / le bulletin scolaire,شورای انضباطی و آموزشی / کارنامه درسی,Le bulletin scolaire du trimestre est très satisfaisant.
Leçon 9: Participer à la vie scolaire,un mot d'excuse / justifier une absence,برگه توجیه غیبت دانش‌آموز,N'oubliez pas d'écrire un mot d'excuse pour son absence.
Leçon 9: Participer à la vie scolaire,le soutien scolaire / l'aide aux devoirs,کلاس جبرانی / کمک در انجام تکالیف,Elle a besoin de soutien scolaire en mathématiques.
Leçon 9: Participer à la vie scolaire,le règlement intérieur,آیین‌نامه داخلی مدرسه,Il faut respecter le règlement intérieur de l'établissement.
Leçon 9: Participer à la vie scolaire,le délégué des élèves / des parents,نماینده دانش‌آموزان / اولیا,Elle a été élue déléguée des parents d'élèves.
Leçon 9: Participer à la vie scolaire,le centre de loisirs / le centre aéré,مرکز تفریحی و فوق‌برنامه کودکان (روزهای تعطیل),Inscrivez vos enfants au centre de loisirs pour le mercredi.
Leçon 10: Participer à la vie associative,s'engager comme bénévole / le bénévolat,داوطلب شدن در انجمن / فعالیت داوطلبانه,Je voudrais m'engager comme bénévole dans cette association.
Leçon 10: Participer à la vie associative,une cause animale / sociale / culturelle,آرمان و هدف حمایت از حیوانات / اجتماعی / فرهنگی,Cette association défend la cause animale.
Leçon 10: Participer à la vie associative,faire une collecte de dons / d'aliments,جمع‌آوری کمک‌های مردمی / مواد غذایی,Ils organisent une collecte de vêtements et de nourriture.
Leçon 10: Participer à la vie associative,la solidarité / être solidaire,همبستگی / همدل و همگام بودن,C'est important d'être solidaire avec les personnes défavorisées.
Leçon 10: Participer à la vie associative,accomplir une mission,انجام دادن یک مأموریت داوطلبانه,Ma mission consiste à donner des cours du soir.
Leçon 10: Participer à la vie associative,l'aide alimentaire / le soutien scolaire,کمک‌رسانی غذایی / کمک به تدریس کودکان,L'association propose de l'aide alimentaire aux étudiants.
Leçon 10: Participer à la vie associative,faire un don / la cotisation,اهدا کردن پول / حق عضویت سالانه,Vous pouvez faire un don en ligne pour soutenir le projet.
Leçon 10: Participer à la vie associative,se rendre utile / donner de son temps,مفید واقع شدن / وقت گذاشتن برای دیگران,J'aimerais donner de mon temps pour aider mon quartier.
Leçon 10: Participer à la vie associative,se mobiliser pour une cause,بسیج شدن و تلاش کردن برای یک هدف,Les jeunes se mobilisent pour la protection de l'environnement.
Leçon 10: Participer à la vie associative,la maison du bénévolat,مرکز پشتیبانی و جذب نیروهای داوطلب,Renseignez-vous auprès de la maison du bénévolat de votre ville.
